stat_id,num_stat,stat_name,network,state,city,start_date,end_date,lat,lon,elevation,landuse
Abisko001,1,Abisko,AERONET,,,,,68.35,18.817,390,
Abracos002,2,Abracos_Hill,AERONET,,,,,-10.76,-62.358,200,
Abu_Al_003,3,Abu_Al_Bukhoosh,AERONET,,,,,25.495,53.146,24,
Abu_Dha004,4,Abu_Dhabi,AERONET,,,,,24.476,54.329,7,
Adelaid005,5,Adelaide_Site_7,AERONET,,,,,-34.725,138.656,30,
Agoufou006,6,Agoufou,AERONET,,,,,15.345,-1.479,305,
Aguas_E007,7,Aguas_Emendadas,AERONET,,,,,-15.582,-47.656,1100,
Ahi_De_008,8,Ahi_De_Cara,AERONET,,,,,37.117,-3.23,2103,
Aire_Ad009,9,Aire_Adour,AERONET,,,,,43.7,0.25,80,
Al_Ain010,10,Al_Ain,AERONET,,,,,24.242,55.705,283,
Albany_011,11,Albany_Oregon,AERONET,,,,,44.583,-123.067,67,
Al_Dhaf012,12,Al_Dhafra,AERONET,,,,,24.254,54.55,40,
Al_Khaz013,13,Al_Khaznah,AERONET,,,,,24.159,55.101,192,
Al_Qlaa014,14,Al_Qlaa,AERONET,,,,,24.133,53.033,5,
Alta_Fl015,15,Alta_Floresta,AERONET,,,,,-9.871,-56.104,277,
Ames016,16,Ames,AERONET,,,,,42.021,-93.775,338,
Amsterd017,17,Amsterdam_Island,AERONET,,,,,-37.81,77.573,30,
Andenes018,18,Andenes,AERONET,,,,,69.278,16.009,379,
Andros_019,19,Andros_Island,AERONET,,,,,24.7,-77.8,0,
Angiola020,20,Angiola,AERONET,,,,,35.947,-119.538,210,
Anmyon021,21,Anmyon,AERONET,,,,,36.539,126.33,47,
Appalac022,22,Appalachian_State,AERONET,,,,,36.215,-81.694,1080,
Appledo023,23,Appledore_Island,AERONET,,,,,42.987,-70.615,35,
Arcacho024,24,Arcachon,AERONET,,,,,44.664,-1.163,11,
Arica025,25,Arica,AERONET,,,,,-18.472,-70.313,25,
Ariquiu026,26,Ariquiums,AERONET,,,,,-9.917,-63.033,80,
ARM_Bar027,27,ARM_Barnstable_MA,AERONET,,,,,41.67,-70.29,15,
ARM_Dar028,28,ARM_Darwin,AERONET,,,,,-12.425,130.891,29,
ARM_Gan029,29,ARM_Gan_Island,AERONET,,,,,-0.691,73.15,1,
ARM_Hig030,30,ARM_Highlands_MA,AERONET,,,,,42.03,-70.049,47,
Armilla031,31,Armilla,AERONET,,,,,37.133,-3.242,691,
ARM_Nai032,32,ARM_Nainital,AERONET,,,,,29.359,79.458,1943,
Ascensi033,33,Ascension_Island,AERONET,,,,,-7.976,-14.415,30,
ATHENS-034,34,ATHENS-NOA,AERONET,,,,,37.988,23.775,130,
Aubiere035,35,Aubiere_LAMP,AERONET,,,,,45.761,3.111,423,
Autilla036,36,Autilla,AERONET,,,,,41.997,-4.603,873,
Avignon037,37,Avignon,AERONET,,,,,43.933,4.878,32,
Azores038,38,Azores,AERONET,,,,,38.53,-28.63,50,
Bac_Gia039,39,Bac_Giang,AERONET,,,,,21.291,106.225,15,
Bach_Lo040,40,Bach_Long_Vy,AERONET,,,,,20.133,107.733,5,
BackGar041,41,BackGarden_GZ,AERONET,,,,,23.296,113.021,150,
Bac_Lie042,42,Bac_Lieu,AERONET,,,,,9.28,105.73,10,
Baengny043,43,Baengnyeong,AERONET,,,,,37.966,124.63,136,
Bahrain044,44,Bahrain,AERONET,,,,,26.208,50.609,25,
Balbina045,45,Balbina,AERONET,,,,,-1.917,-59.487,80,
Bambey-046,46,Bambey-ISRA,AERONET,,,,,14.709,-16.477,30,
Bandung047,47,Bandung,AERONET,,,,,-6.888,107.61,826,
Baneasa048,48,Baneasa,AERONET,,,,,44.511,26.078,127,
Banizou049,49,Banizoumbou,AERONET,,,,,13.541,2.665,250,
Barbado050,50,Barbados,AERONET,,,,,13.15,-59.617,114,
Barcelo051,51,Barcelona,AERONET,,,,,41.386,2.117,125,
Bareill052,52,Bareilly,AERONET,,,,,28.39,79.437,169,
Bari_Un053,53,Bari_University,AERONET,,,,,41.108,16.884,12,
Barrow054,54,Barrow,AERONET,,,,,71.312,-156.665,0,
Beijing055,55,Beijing,AERONET,,,,,39.977,116.381,92,
Belsk056,56,Belsk,AERONET,,,,,51.837,20.792,190,
Belterr057,57,Belterra,AERONET,,,,,-2.648,-54.952,70,
Bermuda058,58,Bermuda,AERONET,,,,,32.37,-64.696,10,
Bethleh059,59,Bethlehem,AERONET,,,,,-28.248,28.333,1709,
Biarrit060,60,Biarritz,AERONET,,,,,43.483,-1.55,0,
Bidi_Ba061,61,Bidi_Bahn,AERONET,,,,,14.06,-2.45,0,
Big_Mea062,62,Big_Meadows,AERONET,,,,,38.522,-78.436,1082,
Billeri063,63,Billerica,AERONET,,,,,42.528,-71.269,82,
Birdsvi064,64,Birdsville,AERONET,,,,,-25.899,139.346,46,
Birkene065,65,Birkenes,AERONET,,,,,58.388,8.252,230,
Black_F066,66,Black_Forest_AMF,AERONET,,,,,48.54,8.397,511,
Blida067,67,Blida,AERONET,,,,,36.508,2.881,230,
Bodele068,68,Bodele,AERONET,,,,,16.883,18.55,179,
Bonanza069,69,Bonanza_Creek,AERONET,,,,,64.743,-148.316,150,
Bondouk070,70,Bondoukoui,AERONET,,,,,11.85,-3.75,0,
BONDVIL071,71,BONDVILLE,AERONET,,,,,40.053,-88.372,212,
BORDEAU072,72,BORDEAUX,AERONET,,,,,44.788,-0.579,40,
Bordj_B073,73,Bordj_Badji_Mokhtar,AERONET,,,,,21.33,0.95,400,
Bordman074,74,Bordman,AERONET,,,,,45.817,-119.667,200,
Boulder075,75,Boulder,AERONET,,,,,40.017,-105.25,1600,
Bozeman076,76,Bozeman,AERONET,,,,,45.662,-111.045,1507,
Bragans077,77,Bragansa,AERONET,,,,,-0.834,-46.641,55,
Brasili078,78,Brasilia,AERONET,,,,,-15.917,-47.9,1100,
Bratts_079,79,Bratts_Lake,AERONET,,,,,50.28,-104.7,586,
Brisban080,80,Brisbane-Uni_of_QLD,AERONET,,,,,-27.497,153.014,42,
Brookha081,81,Brookhaven,AERONET,,,,,40.87,-72.889,33,
Brussel082,82,Brussels,AERONET,,,,,50.783,4.35,120,
BSRN_BA083,83,BSRN_BAO_Boulder,AERONET,,,,,40.045,-105.006,1604,
Bucares084,84,Bucarest,AERONET,,,,,44.45,26.525,44,
Buchare085,85,Bucharest_Inoe,AERONET,,,,,44.348,26.03,93,
Burjass086,86,Burjassot,AERONET,,,,,39.508,-0.418,30,
Burtons087,87,Burtonsville,AERONET,,,,,39.094,-76.95,140,
Bushlan088,88,Bushland,AERONET,,,,,35.187,-102.094,1168,
Cabauw089,89,Cabauw,AERONET,,,,,51.971,4.927,-1,
Cabo_da090,90,Cabo_da_Roca,AERONET,,,,,38.783,-9.5,140,
Cabo_Ra091,91,Cabo_Raso,AERONET,,,,,38.709,-9.486,20,
Caceres092,92,Caceres,AERONET,,,,,39.479,-6.343,397,
Cairo_E093,93,Cairo_EMA,AERONET,,,,,30.081,31.29,70,
Cairo_U094,94,Cairo_University,AERONET,,,,,30.026,31.207,50,
Calipso095,95,Calipso_Ridgely,AERONET,,,,,38.949,-75.882,15,
Calipso096,96,Calipso_West_Denton,AERONET,,,,,38.915,-75.894,15,
Calipso097,97,Calipso_Zion,AERONET,,,,,39.932,-76.199,120,
CalTech098,98,CalTech,AERONET,,,,,34.137,-118.126,260,
Camague099,99,Camaguey,AERONET,,,,,21.422,-77.85,122,
Campo_G100,100,Campo_Grande,AERONET,,,,,-20.45,-54.617,500,
Campo_G101,101,Campo_Grande_SONDA,AERONET,,,,,-20.438,-54.538,677,
Canberr102,102,Canberra,AERONET,,,,,-35.271,149.111,600,
CANDLE_103,103,CANDLE_LAKE,AERONET,,,,,53.733,-105.267,503,
Cape_Sa104,104,Cape_San_Juan,AERONET,,,,,18.384,-65.62,15,
Capo_Ve105,105,Capo_Verde,AERONET,,,,,16.733,-22.935,60,
Carlsba106,106,Carlsbad,AERONET,,,,,32.369,-104.233,942,
Carpent107,107,Carpentras,AERONET,,,,,44.083,5.058,100,
CARTEL108,108,CARTEL,AERONET,,,,,45.379,-71.931,300,
Cartel_109,109,Cartel_X,AERONET,,,,,45.379,-71.931,300,
Cart_Si110,110,Cart_Site,AERONET,,,,,36.607,-97.486,318,
CART_SI111,111,CART_SITE,AERONET,,,,,36.607,-97.486,318,
CASLEO112,112,CASLEO,AERONET,,,,,-31.799,-69.306,2552,
CCNY113,113,CCNY,AERONET,,,,,40.821,-73.949,100,
CEILAP-114,114,CEILAP-BA,AERONET,,,,,-34.567,-58.5,10,
CEILAP-115,115,CEILAP-RG,AERONET,,,,,-51.6,-69.32,15,
CEILAP-116,116,CEILAP-UTN,AERONET,,,,,-34.66,-58.469,27,
Chao_Jo117,117,Chao_Jou,AERONET,,,,,22.513,120.529,0,
Chapais118,118,Chapais,AERONET,,,,,49.822,-74.975,373,
Chebogu119,119,Chebogue_Point,AERONET,,,,,43.747,-66.123,0,
Chen-Ku120,120,Chen-Kung_Univ,AERONET,,,,,23,120.217,50,
Chequam121,121,Chequamegon,AERONET,,,,,45.933,-90.25,0,
Cherita122,122,Cheritan,AERONET,,,,,37.289,-75.972,5,
Chiang_123,123,Chiang_Mai,AERONET,,,,,18.813,98.987,324,
Chiang_124,124,Chiang_Mai_Met_Sta,AERONET,,,,,18.771,98.972,312,
Chiba_U125,125,Chiba_University,AERONET,,,,,35.625,140.104,60,
Chilbol126,126,Chilbolton,AERONET,,,,,51.144,-1.437,88,
China_L127,127,China_Lake,AERONET,,,,,35.674,-117.745,800,
Chinhae128,128,Chinhae,AERONET,,,,,35.156,128.652,69,
Chulalo129,129,Chulalongkorn,AERONET,,,,,13.736,100.53,115,
Churchi130,130,Churchill,AERONET,,,,,58.736,-93.818,10,
City_GZ131,131,City_GZ,AERONET,,,,,23.081,113.158,58,
Clermon132,132,Clermont_Ferrand,AERONET,,,,,45.76,2.962,1464,
CLUJ_UB133,133,CLUJ_UBB,AERONET,,,,,46.768,23.551,405,
Coconut134,134,Coconut_Island,AERONET,,,,,21.433,-157.79,0,
Coleamb135,135,Coleambally,AERONET,,,,,-34.81,146.064,127,
Columbi136,136,Columbia_SC,AERONET,,,,,34.023,-81.036,104,
Concepc137,137,Concepcion,AERONET,,,,,-16.138,-62.028,500,
Corcora138,138,Corcoran,AERONET,,,,,36.103,-119.566,110,
Cordoba139,139,Cordoba-CETT,AERONET,,,,,-31.524,-64.464,730,
COVE140,140,COVE,AERONET,,,,,36.9,-75.71,37,
COVE_SE141,141,COVE_SEAPRISM,AERONET,,,,,36.9,-75.71,24,
Creteil142,142,Creteil,AERONET,,,,,48.788,2.443,57,
Crozet_143,143,Crozet_Island,AERONET,,,,,-46.435,51.85,221,
CRPSM_M144,144,CRPSM_Malindi,AERONET,,,,,-2.996,40.194,12,
CRYSTAL145,145,CRYSTAL_FACE,AERONET,,,,,25.65,-80.422,5,
Cuiaba146,146,Cuiaba,AERONET,,,,,-15.5,-56,250,
CUIABA-147,147,CUIABA-MIRANDA,AERONET,,,,,-15.729,-56.021,210,
CUT-TEP148,148,CUT-TEPAK,AERONET,,,,,34.675,33.043,22,
Dahkla149,149,Dahkla,AERONET,,,,,23.717,-15.95,12,
Dakar150,150,Dakar,AERONET,,,,,14.394,-16.959,0,
Dalanza151,151,Dalanzadgad,AERONET,,,,,43.577,104.419,1470,
Dalma152,152,Dalma,AERONET,,,,,24.502,52.332,0,
Darwin153,153,Darwin,AERONET,,,,,-12.424,130.892,29,
Davos154,154,Davos,AERONET,,,,,46.813,9.844,1596,
Dayton155,155,Dayton,AERONET,,,,,39.776,-84.11,243,
Dead_Se156,156,Dead_Sea,AERONET,,,,,31.1,35.45,-410,
Dhabi157,157,Dhabi,AERONET,,,,,24.481,54.383,15,
Dhadnah158,158,Dhadnah,AERONET,,,,,25.513,56.325,81,
Dharwar159,159,Dharwar,AERONET,,,,,15.429,74.989,700,
Djougou160,160,Djougou,AERONET,,,,,9.76,1.599,400,
DMN_Mai161,161,DMN_Maine_Soroa,AERONET,,,,,13.217,12.023,350,
Donetsk162,162,Donetsk,AERONET,,,,,48.021,37.809,300,
Dongsha163,163,Dongsha_Island,AERONET,,,,,20.699,116.729,5,
DRAGON_164,164,DRAGON_ABERD,AERONET,,,,,39.515,-76.165,37,
DRAGON_165,165,DRAGON_Aldino,AERONET,,,,,39.563,-76.204,127,
DRAGON_166,166,DRAGON_Anmyeon,AERONET,,,,,36.539,126.33,58,
DRAGON_167,167,DRAGON_ANNEA,AERONET,,,,,39.165,-76.625,30,
DRAGON_168,168,DRAGON_ARNCC,AERONET,,,,,39.159,-76.721,50,
DRAGON_169,169,DRAGON_ARNLS,AERONET,,,,,39.058,-76.513,12,
DRAGON_170,170,DRAGON_Arvin,AERONET,,,,,35.238,-118.788,158,
DRAGON_171,171,DRAGON_BATMR,AERONET,,,,,39.399,-76.476,65,
DRAGON_172,172,DRAGON_BelAir,AERONET,,,,,39.5,-76.263,52,
DRAGON_173,173,DRAGON_Beltsville,AERONET,,,,,39.054,-76.877,53,
DRAGON_174,174,DRAGON_BLDND,AERONET,,,,,39.258,-76.52,11,
DRAGON_175,175,DRAGON_BLLRT,AERONET,,,,,39.389,-76.578,127,
DRAGON_176,176,DRAGON_BLTCC,AERONET,,,,,39.362,-76.688,120,
DRAGON_177,177,DRAGON_BLTIM,AERONET,,,,,39.263,-76.651,17,
DRAGON_178,178,DRAGON_BLTNR,AERONET,,,,,39.216,-76.619,50,
DRAGON_179,179,DRAGON_Bokjeong,AERONET,,,,,37.457,127.131,61,
DRAGON_180,180,DRAGON_BOWEM,AERONET,,,,,38.975,-76.751,40,
DRAGON_181,181,DRAGON_BTMDL,AERONET,,,,,39.239,-76.442,5,
DRAGON_182,182,DRAGON_CHASE,AERONET,,,,,38.979,-77.08,120,
DRAGON_183,183,DRAGON_CLLGP,AERONET,,,,,38.991,-76.909,65,
DRAGON_184,184,DRAGON_Clovis,AERONET,,,,,36.819,-119.716,90,
DRAGON_185,185,DRAGON_CLRST,AERONET,,,,,39.205,-76.944,140,
DRAGON_186,186,DRAGON_Corcoran,AERONET,,,,,36.102,-119.566,25,
DRAGON_187,187,DRAGON_CPSDN,AERONET,,,,,39.111,-76.463,24,
DRAGON_188,188,DRAGON_CTNVL,AERONET,,,,,39.276,-76.772,133,
DRAGON_189,189,DRAGON_Drummond,AERONET,,,,,36.706,-119.741,90,
DRAGON_190,190,DRAGON_EaglePoint,AERONET,,,,,39.398,-76.27,4,
DRAGON_191,191,DRAGON_EDCMS,AERONET,,,,,38.922,-76.56,13,
DRAGON_192,192,DRAGON_Edgewood,AERONET,,,,,39.41,-76.296,8,
DRAGON_193,193,DRAGON_ELLCT,AERONET,,,,,39.266,-76.862,128,
DRAGON_194,194,DRAGON_Essex,AERONET,,,,,39.311,-76.474,12,
DRAGON_195,195,DRAGON_FairHill,AERONET,,,,,39.701,-75.86,117,
DRAGON_196,196,DRAGON_FLLST,AERONET,,,,,39.522,-76.413,151,
DRAGON_197,197,DRAGON_Fukue_2,AERONET,,,,,32.672,128.817,50,
DRAGON_198,198,DRAGON_Fukue_3,AERONET,,,,,32.6,128.745,10,
DRAGON_199,199,DRAGON_Fukuoka,AERONET,,,,,33.524,130.475,30,
DRAGON_200,200,DRAGON_Garland,AERONET,,,,,36.785,-119.773,100,
DRAGON_201,201,DRAGON_Guwol,AERONET,,,,,37.45,126.724,38,
DRAGON_202,202,DRAGON_Gwangju_GIST,AERONET,,,,,35.228,126.843,52,
DRAGON_203,203,DRAGON_Hanford,AERONET,,,,,36.316,-119.643,50,
DRAGON_204,204,DRAGON_Huron,AERONET,,,,,36.206,-120.105,113,
DRAGON_205,205,DRAGON_Jalan_ChainF,AERONET,,,,,5.401,100.381,8,
DRAGON_206,206,DRAGON_KampungBharu,AERONET,,,,,5.342,100.463,10,
DRAGON_207,207,DRAGON_KentIsland,AERONET,,,,,38.979,-76.308,4,
DRAGON_208,208,DRAGON_Kobe,AERONET,,,,,34.72,135.291,20,
DRAGON_209,209,DRAGON_Kohriyama,AERONET,,,,,37.361,140.383,230,
DRAGON_210,210,DRAGON_Kongju_NU,AERONET,,,,,36.471,127.14,73,
DRAGON_211,211,DRAGON_Konkuk_Univ,AERONET,,,,,37.542,127.08,40,
DRAGON_212,212,DRAGON_Kunsan_NU,AERONET,,,,,35.941,126.683,32,
DRAGON_213,213,DRAGON_Kyoto,AERONET,,,,,35.026,135.781,60,
DRAGON_214,214,DRAGON_Kyungil_Univ,AERONET,,,,,36.072,128.824,122,
DRAGON_215,215,DRAGON_LAREL,AERONET,,,,,39.081,-76.855,65,
DRAGON_216,216,DRAGON_LAUMD,AERONET,,,,,39.143,-76.859,112,
DRAGON_217,217,DRAGON_Madera_City,AERONET,,,,,36.953,-120.034,78,
DRAGON_218,218,DRAGON_Matsue,AERONET,,,,,35.48,133.01,10,
DRAGON_219,219,DRAGON_MNKTN,AERONET,,,,,39.573,-76.652,182,
DRAGON_220,220,DRAGON_Mokpo_NU,AERONET,,,,,34.913,126.437,26,
DRAGON_221,221,DRAGON_Nara,AERONET,,,,,34.688,135.828,80,
DRAGON_222,222,DRAGON_NIER,AERONET,,,,,37.569,126.64,26,
DRAGON_223,223,DRAGON_Nishiharima,AERONET,,,,,35.026,134.336,420,
DRAGON_224,224,DRAGON_OLNES,AERONET,,,,,39.149,-77.068,180,
DRAGON_225,225,DRAGON_ONNGS,AERONET,,,,,39.388,-76.819,177,
DRAGON_226,226,DRAGON_Osaka-North,AERONET,,,,,34.774,135.51,50,
DRAGON_227,227,DRAGON_Osaka-South,AERONET,,,,,34.544,135.504,30,
DRAGON_228,228,DRAGON_Padonia,AERONET,,,,,39.462,-76.632,120,
DRAGON_229,229,DRAGON_Pandan_Resrv,AERONET,,,,,1.319,103.742,2,
DRAGON_230,230,DRAGON_Pasadena,AERONET,,,,,39.112,-76.455,17,
DRAGON_231,231,DRAGON_PATUX,AERONET,,,,,38.827,-76.709,26,
DRAGON_232,232,DRAGON_PayaTerubong,AERONET,,,,,5.376,100.276,30,
DRAGON_233,233,DRAGON_Permatang_DL,AERONET,,,,,5.278,100.271,13,
DRAGON_234,234,DRAGON_PineyOrchard,AERONET,,,,,39.061,-76.719,59,
DRAGON_235,235,DRAGON_Porterville,AERONET,,,,,36.032,-119.055,136,
DRAGON_236,236,DRAGON_Pusan_NU,AERONET,,,,,35.235,129.083,71,
DRAGON_237,237,DRAGON_Pylesville,AERONET,,,,,39.675,-76.405,158,
DRAGON_238,238,DRAGON_RCKMD,AERONET,,,,,39.066,-77.096,100,
DRAGON_239,239,DRAGON_Sanggye,AERONET,,,,,37.659,127.068,35,
DRAGON_240,240,DRAGON_Shafter,AERONET,,,,,35.504,-119.272,86,
DRAGON_241,241,DRAGON_Sinjeong,AERONET,,,,,37.523,126.859,27,
DRAGON_242,242,DRAGON_Soha,AERONET,,,,,37.452,126.885,48,
DRAGON_243,243,DRAGON_SPBRK,AERONET,,,,,39.058,-77.006,110,
DRAGON_244,244,DRAGON_St_Johns_Is,AERONET,,,,,1.218,103.85,15,
DRAGON_245,245,DRAGON_Temasek_Poly,AERONET,,,,,1.345,103.931,10,
DRAGON_246,246,DRAGON_TKMPR,AERONET,,,,,38.995,-76.997,90,
DRAGON_247,247,DRAGON_Tranquility,AERONET,,,,,36.634,-120.382,43,
DRAGON_248,248,DRAGON_Tsukuba,AERONET,,,,,36.051,140.12,30,
DRAGON_249,249,DRAGON_UiTM,AERONET,,,,,5.383,100.416,7,
DRAGON_250,250,DRAGON_UMRLB,AERONET,,,,,38.891,-76.814,44,
DRAGON_251,251,DRAGON_WileyFord,AERONET,,,,,39.61,-78.774,217,
DRAGON_252,252,DRAGON_Worton,AERONET,,,,,39.285,-76.092,24,
DRAGON_253,253,DRAGON_WSTFD,AERONET,,,,,39.302,-76.946,173,
DRAGON_254,254,DRAGON_Yishun_ITE,AERONET,,,,,1.435,103.845,2,
Dry_Tor255,255,Dry_Tortugas,AERONET,,,,,24.628,-82.872,0,
Dunedin256,256,Dunedin,AERONET,,,,,-45.864,170.514,43,
Dunhuan257,257,Dunhuang,AERONET,,,,,40.038,94.794,1300,
Dunkerq258,258,Dunkerque,AERONET,,,,,51.035,2.368,0,
Dushanb259,259,Dushanbe,AERONET,,,,,38.553,68.858,821,
Easton_260,260,Easton_Airport,AERONET,,,,,38.807,-76.073,15,
Eforie261,261,Eforie,AERONET,,,,,44.075,28.632,40,
Egbert262,262,Egbert,AERONET,,,,,44.226,-79.75,264,
Egbert_263,263,Egbert_X,AERONET,,,,,44.226,-79.75,264,
Eilat264,264,Eilat,AERONET,,,,,29.503,34.917,15,
EIM-Sin265,265,EIM-Sindos,AERONET,,,,,40.69,22.8,12,
Elandsf266,266,Elandsfontein,AERONET,,,,,-26.245,29.418,1740,
El_Aren267,267,El_Arenosillo,AERONET,,,,,37.105,-6.733,0,
El_Refu268,268,El_Refugio,AERONET,,,,,-14.766,-62.035,225,
El_Segu269,269,El_Segundo,AERONET,,,,,33.913,-118.382,25,
EOPACE1270,270,EOPACE1,AERONET,,,,,36.182,-75.751,0,
EOPACE2271,271,EOPACE2,AERONET,,,,,36.184,-75.745,0,
EPA-NCU272,272,EPA-NCU,AERONET,,,,,24.968,121.185,144,
Epanomi273,273,Epanomi,AERONET,,,,,40.375,22.978,20,
Ersa274,274,Ersa,AERONET,,,,,43.004,9.359,80,
ETNA275,275,ETNA,AERONET,,,,,37.614,15.019,736,
Etosha_276,276,Etosha_Pan,AERONET,,,,,-19.175,15.914,1131,
EVK2-CN277,277,EVK2-CNR,AERONET,,,,,27.959,86.813,5050,
Evora278,278,Evora,AERONET,,,,,38.568,-7.912,293,
Farming279,279,Farmington_RSVP,AERONET,,,,,36.797,-108.48,1641,
FLIN_FL280,280,FLIN_FLON,AERONET,,,,,54.67,-101.69,305,
Fontain281,281,Fontainebleau,AERONET,,,,,48.407,2.68,85,
FORTH_C282,282,FORTH_CRETE,AERONET,,,,,35.333,25.282,20,
Fort_Mc283,283,Fort_McMurray,AERONET,,,,,56.752,-111.476,360,
Frenchm284,284,Frenchman_Flat,AERONET,,,,,36.809,-115.935,940,
Fresno_285,285,Fresno_2,AERONET,,,,,36.785,-119.773,100,
Fresno286,286,Fresno,AERONET,,,,,36.782,-119.773,0,
Fresno_287,287,Fresno_X,AERONET,,,,,36.782,-119.773,0,
Frioul288,288,Frioul,AERONET,,,,,43.266,5.293,40,
Gageoch289,289,Gageocho_Station,AERONET,,,,,33.942,124.593,26,
Gainesv290,290,Gainesville_Airport,AERONET,,,,,29.696,-82.261,37,
Gaither291,291,Gaithersburg,AERONET,,,,,39.133,-77.208,50,
Gandhi_292,292,Gandhi_College,AERONET,,,,,25.871,84.128,60,
Georgia293,293,Georgia_Tech,AERONET,,,,,33.78,-84.4,294,
Gerlitz294,294,Gerlitzen,AERONET,,,,,46.678,13.907,1900,
GISS295,295,GISS,AERONET,,,,,40.798,-73.96,50,
Gloria296,296,Gloria,AERONET,,,,,44.6,29.36,30,
GOA_IND297,297,GOA_INDIA,AERONET,,,,,15.453,73.806,20,
Goldsto298,298,Goldstone,AERONET,,,,,35.233,-116.792,1100,
Gosan_S299,299,Gosan_SNU,AERONET,,,,,33.292,126.162,72,
Gotland300,300,Gotland,AERONET,,,,,57.917,18.95,10,
Gracios301,301,Graciosa,AERONET,,,,,39.091,-28.03,15,
Granada302,302,Granada,AERONET,,,,,37.164,-3.605,680,
GSFC303,303,GSFC,AERONET,,,,,38.992,-76.84,87,
Guadelo304,304,Guadeloup,AERONET,,,,,16.333,-61.5,0,
Gual_Pa305,305,Gual_Pahari,AERONET,,,,,28.426,77.15,384,
Guam306,306,Guam,AERONET,,,,,13.431,144.801,62,
Gustav_307,307,Gustav_Dalen_Tower,AERONET,,,,,58.594,17.467,25,
Gwangju308,308,Gwangju_GIST,AERONET,,,,,35.228,126.843,52,
Hagerst309,309,Hagerstown,AERONET,,,,,39.708,-77.725,200,
Halifax310,310,Halifax,AERONET,,,,,44.638,-63.594,65,
Hamburg311,311,Hamburg,AERONET,,,,,53.568,9.973,105,
Hamim312,312,Hamim,AERONET,,,,,22.967,54.3,209,
Hampton313,313,Hampton_Roads,AERONET,,,,,36.783,-76.45,10,
Hangzho314,314,Hangzhou-ZFU,AERONET,,,,,30.257,119.727,14,
Harvard315,315,Harvard_Forest,AERONET,,,,,42.532,-72.188,322,
Hefei316,316,Hefei,AERONET,,,,,31.905,117.162,36,
Helgola317,317,Helgoland,AERONET,,,,,54.178,7.887,33,
Helsink318,318,Helsinki,AERONET,,,,,60.204,24.961,52,
Helsink319,319,Helsinki_Lighthouse,AERONET,,,,,59.949,24.926,20,
Henties320,320,Henties_Bay,AERONET,,,,,-22.095,14.26,20,
Hermosi321,321,Hermosillo,AERONET,,,,,29.075,-110.96,237,
Hetauda322,322,Hetauda,AERONET,,,,,27.428,85.031,465,
HJAndre323,323,HJAndrews,AERONET,,,,,44.239,-122.224,830,
Hog_Isl324,324,Hog_Island,AERONET,,,,,37.42,-75.7,50,
Hong_Ko325,325,Hong_Kong_Hok_Tsui,AERONET,,,,,22.21,114.258,80,
Hong_Ko326,326,Hong_Kong_PolyU,AERONET,,,,,22.303,114.18,30,
Hornsun327,327,Hornsund,AERONET,,,,,77.001,15.56,10,
Howland328,328,Howland,AERONET,,,,,45.2,-68.733,100,
Hua_Hin329,329,Hua_Hin,AERONET,,,,,12.634,99.951,1,
Huelva330,330,Huelva,AERONET,,,,,37.016,-6.569,25,
Hyytial331,331,Hyytiala,AERONET,,,,,61.846,24.296,191,
IASBS332,332,IASBS,AERONET,,,,,36.705,48.507,1805,
ICIPE-M333,333,ICIPE-Mbita,AERONET,,,,,-0.417,34.2,1125,
IER_Cin334,334,IER_Cinzana,AERONET,,,,,13.278,-5.934,285,
IFT-Lei335,335,IFT-Leipzig,AERONET,,,,,51.352,12.435,125,
IHOP-Ho336,336,IHOP-Homestead,AERONET,,,,,36.558,-100.606,850,
IIT_KGP337,337,IIT_KGP_EXT_Kolkata,AERONET,,,,,22.574,88.418,10,
Ilorin338,338,Ilorin,AERONET,,,,,8.32,4.34,350,
IMAA_Po339,339,IMAA_Potenza,AERONET,,,,,40.6,15.72,820,
IMC_Ori340,340,IMC_Oristano,AERONET,,,,,39.91,8.5,10,
IMS-MET341,341,IMS-METU-ERDEMLI,AERONET,,,,,36.565,34.255,3,
Inhaca342,342,Inhaca,AERONET,,,,,-26.041,32.905,73,
Inner_M343,343,Inner_Mongolia,AERONET,,,,,42.683,115.954,1343,
Iqaluit344,344,Iqaluit,AERONET,,,,,63.748,-68.543,15,
Irkutsk345,345,Irkutsk,AERONET,,,,,51.8,103.087,670,
ISDGM_C346,346,ISDGM_CNR,AERONET,,,,,45.437,12.332,20,
Ispra347,347,Ispra,AERONET,,,,,45.803,8.627,235,
Issyk-K348,348,Issyk-Kul,AERONET,,,,,42.623,76.983,1650,
Ittoqqo349,349,Ittoqqortoormiit,AERONET,,,,,70.485,-21.951,68,
Izana350,350,Izana,AERONET,,,,,28.309,-16.499,2391,
Jabal_H351,351,Jabal_Hafeet,AERONET,,,,,24.058,55.776,1059,
Jabiru352,352,Jabiru,AERONET,,,,,-12.661,132.893,30,
Jaipur353,353,Jaipur,AERONET,,,,,26.906,75.806,450,
Jamari354,354,Jamari,AERONET,,,,,-8.633,-62.75,100,
Jaru_Re355,355,Jaru_Reserve,AERONET,,,,,-10.083,-61.933,162,
Jingtai356,356,Jingtai,AERONET,,,,,37.333,104.1,1604,
Ji_Para357,357,Ji_Parana,AERONET,,,,,-10.86,-61.8,100,
Ji_Para358,358,Ji_Parana_SE,AERONET,,,,,-10.934,-61.852,218,
Ji_Para359,359,Ji_Parana_UNIR,AERONET,,,,,-10.883,-61.967,100,
Joberg360,360,Joberg,AERONET,,,,,-26.186,28.029,1736,
Jomsom361,361,Jomsom,AERONET,,,,,28.778,83.714,2803,
JonesER362,362,JonesERC,AERONET,,,,,31.231,-84.471,50,
Jornada363,363,Jornada,AERONET,,,,,32.351,-106.517,1288,
Jug_Bay364,364,Jug_Bay,AERONET,,,,,38.767,-76.778,10,
Kaashid365,365,Kaashidhoo,AERONET,,,,,4.965,73.466,0,
Kaiping366,366,Kaiping,AERONET,,,,,22.315,112.539,51,
Kaloma367,367,Kaloma,AERONET,,,,,-14.86,24.828,1230,
Kandaha368,368,Kandahar,AERONET,,,,,31.509,65.848,1007,
Kangerl369,369,Kangerlussuaq,AERONET,,,,,66.996,-50.621,320,
Kanpur370,370,Kanpur,AERONET,,,,,26.513,80.232,123,
Kanzelh371,371,Kanzelhohe_Obs,AERONET,,,,,46.678,13.907,1526,
Kaoma372,372,Kaoma,AERONET,,,,,-14.793,24.795,1179,
Karachi373,373,Karachi,AERONET,,,,,24.87,67.03,49,
Karlsru374,374,Karlsruhe,AERONET,,,,,49.093,8.428,140,
Kasama375,375,Kasama,AERONET,,,,,-10.167,31.183,1300,
Kathman376,376,Kathmandu_Univ,AERONET,,,,,27.601,85.538,1510,
Katibou377,377,Katibougou,AERONET,,,,,12.917,-7.532,0,
KAUST_C378,378,KAUST_Campus,AERONET,,,,,22.305,39.103,11,
Kejimku379,379,Kejimkujik,AERONET,,,,,44.383,-65.283,154,
Kellogg380,380,Kellogg_LTER,AERONET,,,,,42.408,-85.372,293,
Kelowna381,381,Kelowna,AERONET,,,,,49.955,-119.373,344,
Kelowna382,382,Kelowna_UAS,AERONET,,,,,49.941,-119.4,456,
Key_Bis383,383,Key_Biscayne,AERONET,,,,,25.732,-80.163,0,
Kibale384,384,Kibale,AERONET,,,,,0.56,30.358,1536,
Kirtlan385,385,Kirtland_AFB,AERONET,,,,,34.951,-106.507,1711,
Kobe386,386,Kobe,AERONET,,,,,34.72,135.291,20,
Kolfiel387,387,Kolfield,AERONET,,,,,39.802,-74.476,50,
Kolimba388,388,Kolimbari,AERONET,,,,,35.533,23.783,0,
KONZA_E389,389,KONZA_EDC,AERONET,,,,,39.102,-96.61,341,
Krasnoy390,390,Krasnoyarsk,AERONET,,,,,55.983,92.767,202,
Kuching391,391,Kuching,AERONET,,,,,1.491,110.349,28,
Kuopio392,392,Kuopio,AERONET,,,,,62.892,27.634,105,
Kuujjua393,393,Kuujjuarapik,AERONET,,,,,55.3,-77.8,0,
Kuwait_394,394,Kuwait_Airport,AERONET,,,,,29.242,47.972,56,
Kuwait_395,395,Kuwait_University,AERONET,,,,,29.325,47.971,42,
Kyiv-AO396,396,Kyiv-AO,AERONET,,,,,50.452,30.498,200,
Kyiv397,397,Kyiv,AERONET,,,,,50.364,30.497,200,
Kyungil398,398,Kyungil_University,AERONET,,,,,36.072,128.824,122,
La_Crau399,399,La_Crau,AERONET,,,,,43.577,4.819,32,
Laegere400,400,Laegeren,AERONET,,,,,47.48,8.351,735,
Lahore401,401,Lahore,AERONET,,,,,31.542,74.325,270,
La_Joll402,402,La_Jolla,AERONET,,,,,32.87,-117.25,115,
Lake_Ar403,403,Lake_Argyle,AERONET,,,,,-16.108,128.749,150,
La_Lagu404,404,La_Laguna,AERONET,,,,,28.482,-16.321,568,
Lampedu405,405,Lampedusa,AERONET,,,,,35.517,12.632,45,
Lanai406,406,Lanai,AERONET,,,,,20.735,-156.922,20,
Langtan407,407,Langtang,AERONET,,,,,28.012,85.493,3670,
Lannion408,408,Lannion,AERONET,,,,,48.731,-3.462,15,
Lanzhou409,409,Lanzhou_City,AERONET,,,,,36.048,103.853,1516,
La_Parg410,410,La_Parguera,AERONET,,,,,17.97,-67.045,12,
La_Paz411,411,La_Paz,AERONET,,,,,-16.539,-68.066,3439,
Lecce_U412,412,Lecce_University,AERONET,,,,,40.335,18.111,30,
Le_Faug413,413,Le_Fauga,AERONET,,,,,43.384,1.285,193,
Leicest414,414,Leicester,AERONET,,,,,52.619,-1.122,89,
Liangni415,415,Liangning,AERONET,,,,,41.512,122.701,15,
Lille416,416,Lille,AERONET,,,,,50.612,3.142,60,
LISCO417,417,LISCO,AERONET,,,,,40.955,-73.342,12,
Lochiel418,418,Lochiel,AERONET,,,,,49.028,-122.602,0,
London-419,419,London-UCL-UAO,AERONET,,,,,51.524,-0.131,46,
Longyea420,420,Longyearbyen,AERONET,,,,,78.223,15.649,30,
Los_Ala421,421,Los_Alamos,AERONET,,,,,35.874,-106.326,2350,
LOS_FIE422,422,LOS_FIEROS_98,AERONET,,,,,-14.556,-60.929,170,
Los_Fie423,423,Los_Fieros,AERONET,,,,,-14.55,-60.617,225,
LSU424,424,LSU,AERONET,,,,,30.407,-91.184,15,
Luang_N425,425,Luang_Namtha,AERONET,,,,,20.931,101.416,557,
Lucinda426,426,Lucinda,AERONET,,,,,-18.52,146.386,8,
Lugansk427,427,Lugansk,AERONET,,,,,48.57,39.365,90,
Lulin428,428,Lulin,AERONET,,,,,23.469,120.874,2868,
Lunar_L429,429,Lunar_Lake,AERONET,,,,,38.39,-115.988,1908,
LW-SCAN430,430,LW-SCAN,AERONET,,,,,34.96,-97.979,358,
MAARCO431,431,MAARCO,AERONET,,,,,24.7,54.659,10,
Mace_He432,432,Mace_Head,AERONET,,,,,53.33,-9.9,20,
Madison433,433,Madison,AERONET,,,,,43.07,-89.41,326,
Mainz434,434,Mainz,AERONET,,,,,49.999,8.3,150,
Malaga435,435,Malaga,AERONET,,,,,36.715,-4.478,40,
MALE436,436,MALE,AERONET,,,,,4.192,73.529,2,
Manaus_437,437,Manaus_EMBRAPA,AERONET,,,,,-2.891,-59.97,115,
Manaus438,438,Manaus,AERONET,,,,,-2.599,-60.039,93,
Manila_439,439,Manila_Observatory,AERONET,,,,,14.635,121.078,63,
Manus440,440,Manus,AERONET,,,,,-2.06,147.425,4,
Marbell441,441,Marbella_San_Pedro,AERONET,,,,,36.486,-4.993,100,
Maricop442,442,Maricopa,AERONET,,,,,33.069,-111.972,360,
Marseil443,443,Marseille,AERONET,,,,,43.282,5.384,100,
Mauna_L444,444,Mauna_Loa,AERONET,,,,,19.539,-155.578,3397,
Maun_To445,445,Maun_Tower,AERONET,,,,,-19.9,23.55,940,
McClell446,446,McClellan_AFB,AERONET,,,,,38.668,-121.399,20,
MCO-Han447,447,MCO-Hanimaadhoo,AERONET,,,,,6.776,73.183,0,
MD_Scie448,448,MD_Science_Center,AERONET,,,,,39.283,-76.617,15,
Merredi449,449,Merredin,AERONET,,,,,-31.493,118.226,315,
Messina450,450,Messina,AERONET,,,,,38.197,15.567,15,
Mexico_451,451,Mexico_City,AERONET,,,,,19.334,-99.182,2268,
Mezaira452,452,Mezaira,AERONET,,,,,23.145,53.779,204,
Mfuwe453,453,Mfuwe,AERONET,,,,,-13.257,31.931,550,
Midway_454,454,Midway_Island,AERONET,,,,,28.21,-177.378,20,
Milyeri455,455,Milyering,AERONET,,,,,-22.029,113.923,10,
Minqin456,456,Minqin,AERONET,,,,,38.607,102.959,1373,
Minsk457,457,Minsk,AERONET,,,,,53.92,27.601,200,
MISR-JP458,458,MISR-JPL,AERONET,,,,,34.199,-118.174,367,
Missoul459,459,Missoula,AERONET,,,,,46.917,-114.083,1028,
Modena460,460,Modena,AERONET,,,,,44.632,10.945,56,
Moldova461,461,Moldova,AERONET,,,,,47,28.816,205,
Mongu462,462,Mongu,AERONET,,,,,-15.254,23.151,1107,
Montere463,463,Monterey,AERONET,,,,,36.593,-121.855,50,
Mont_Jo464,464,Mont_Joli,AERONET,,,,,48.64,-68.156,30,
Montsec465,465,Montsec,AERONET,,,,,42.051,0.73,1574,
Moscow_466,466,Moscow_MSU_MO,AERONET,,,,,55.7,37.51,192,
Moss_La467,467,Moss_Landing,AERONET,,,,,36.793,-121.788,20,
Mount_C468,468,Mount_Chacaltaya,AERONET,,,,,-16.35,-68.132,5233,
Mount_G469,469,Mount_Gibbes,AERONET,,,,,35.783,-82.293,2006,
Mukdaha470,470,Mukdahan,AERONET,,,,,16.607,104.676,166,
Munich_471,471,Munich_Maisach,AERONET,,,,,48.209,11.258,520,
Munich_472,472,Munich_University,AERONET,,,,,48.148,11.573,533,
Muscat473,473,Muscat,AERONET,,,,,23.606,58.436,22,
Mussafa474,474,Mussafa,AERONET,,,,,24.372,54.467,10,
Muztagh475,475,Muztagh_Ata,AERONET,,,,,38.408,75.039,3674,
MVCO476,476,MVCO,AERONET,,,,,41.3,-70.55,10,
Mwinilu477,477,Mwinilunga,AERONET,,,,,-11.74,24.431,1430,
Nainita478,478,Nainital,AERONET,,,,,29.359,79.458,1939,
Nairobi479,479,Nairobi,AERONET,,,,,-1.339,36.865,1650,
NAM_CO480,480,NAM_CO,AERONET,,,,,30.773,90.962,4740,
NASA_Am481,481,NASA_Ames,AERONET,,,,,37.42,-122.057,10,
NASA_La482,482,NASA_LaRC,AERONET,,,,,37.105,-76.379,5,
Nauru483,483,Nauru,AERONET,,,,,-0.521,166.916,7,
NCU_Tai484,484,NCU_Taiwan,AERONET,,,,,24.967,121.192,171,
ND_Marb485,485,ND_Marbel_Univ,AERONET,,,,,6.496,124.843,70,
Ndola486,486,Ndola,AERONET,,,,,-12.995,28.658,1270,
NEON-Bo487,487,NEON-Boulder,AERONET,,,,,40.008,-105.268,1641,
NEON_CV488,488,NEON_CVALLA,AERONET,,,,,40.161,-105.167,1539,
Nes_Zio489,489,Nes_Ziona,AERONET,,,,,31.922,34.789,40,
New_Del490,490,New_Delhi,AERONET,,,,,28.63,77.175,240,
NGHIA_D491,491,NGHIA_DO,AERONET,,,,,21.048,105.8,40,
NhaTran492,492,NhaTrang,AERONET,,,,,12.205,109.206,20,
Niabrar493,493,Niabrara,AERONET,,,,,42.765,-100.02,730,
Niamey494,494,Niamey,AERONET,,,,,13.481,2.172,205,
Nicelli495,495,Nicelli_Airport,AERONET,,,,,45.426,12.382,13,
Norfolk496,496,Norfolk_State_Univ,AERONET,,,,,36.848,-76.259,20,
Noto497,497,Noto,AERONET,,,,,37.334,137.137,200,
NSA_YJP498,498,NSA_YJP_BOREAS,AERONET,,,,,55.903,-98.29,290,
NUIST499,499,NUIST,AERONET,,,,,32.206,118.717,62,
Ny_Ales500,500,Ny_Alesund,AERONET,,,,,78.929,11.861,46,
OBERNAI501,501,OBERNAI,AERONET,,,,,48.443,7.543,161,
OceolaN502,502,OceolaNF,AERONET,,,,,30.205,-82.443,0,
OHP_OBS503,503,OHP_OBSERVATOIRE,AERONET,,,,,43.935,5.71,680,
Okefeno504,504,OkefenokeeNWR,AERONET,,,,,30.741,-82.129,0,
Okinawa505,505,Okinawa,AERONET,,,,,26.357,127.768,46,
OK_St_U506,506,OK_St_Univ,AERONET,,,,,35.046,-97.917,331,
Omkoi507,507,Omkoi,AERONET,,,,,17.798,98.432,1120,
Oostend508,508,Oostende,AERONET,,,,,51.225,2.925,23,
OPAL509,509,OPAL,AERONET,,,,,79.99,-85.939,0,
Ordway-510,510,Ordway-Swisher,AERONET,,,,,29.698,-81.988,44,
Osaka511,511,Osaka,AERONET,,,,,34.651,135.591,50,
Osaka-N512,512,Osaka-North,AERONET,,,,,34.774,135.51,50,
Ouagado513,513,Ouagadougou,AERONET,,,,,12.2,-1.4,290,
Oujda514,514,Oujda,AERONET,,,,,34.653,-1.899,620,
Oukaime515,515,Oukaimeden,AERONET,,,,,31.214,-7.881,2700,
Owens_L516,516,Owens_Lake,AERONET,,,,,36.488,-117.871,1167,
Oyster517,517,Oyster,AERONET,,,,,37.295,-75.933,8,
Paddock518,518,Paddockwood,AERONET,,,,,53.5,-105.5,503,
Palaise519,519,Palaiseau,AERONET,,,,,48.7,2.208,156,
Palenci520,520,Palencia,AERONET,,,,,41.989,-4.516,750,
Palgrun521,521,Palgrunden,AERONET,,,,,58.755,13.152,49,
Panama_522,522,Panama_BCI,AERONET,,,,,9.167,-79.85,0,
Pantnag523,523,Pantnagar,AERONET,,,,,29.046,79.521,241,
Paposo524,524,Paposo,AERONET,,,,,-25.007,-70.45,0,
Paris525,525,Paris,AERONET,,,,,48.867,2.333,50,
PEARL526,526,PEARL,AERONET,,,,,80.054,-86.417,615,
Penn_St527,527,Penn_State_Univ,AERONET,,,,,40.742,-78.081,401,
Perth528,528,Perth,AERONET,,,,,-32.008,115.894,0,
Petroli529,529,Petrolina_SONDA,AERONET,,,,,-9.383,-40.5,370,
Philade530,530,Philadelphia,AERONET,,,,,40.036,-75.005,20,
Pickle_531,531,Pickle_Lake,AERONET,,,,,51.449,-90.218,393,
Pieters532,532,Pietersburg,AERONET,,,,,-23.883,29.45,1200,
Pimai533,533,Pimai,AERONET,,,,,15.182,102.564,220,
Pitres534,534,Pitres,AERONET,,,,,36.933,-3.222,1252,
PKU_PEK535,535,PKU_PEK,AERONET,,,,,39.593,116.184,66,
Pokhara536,536,Pokhara,AERONET,,,,,28.151,83.971,807,
Porquer537,537,Porquerolles,AERONET,,,,,43.001,6.161,22,
Porto_N538,538,Porto_Nacional,AERONET,,,,,-11,-48,210,
Porto_V539,539,Porto_Velho,AERONET,,,,,-8.77,-63.95,110,
Potosi_540,540,Potosi_Mine,AERONET,,,,,-9.283,-62.867,80,
Praia541,541,Praia,AERONET,,,,,14.947,-23.484,70,
Pretori542,542,Pretoria_CSIR-DPSS,AERONET,,,,,-25.757,28.28,1449,
Prospec543,543,Prospect_Hill,AERONET,,,,,32.37,-64.696,63,
Pune544,544,Pune,AERONET,,,,,18.537,73.805,559,
Pusan_N545,545,Pusan_NU,AERONET,,,,,35.235,129.083,71,
Puspipt546,546,Puspiptek,AERONET,,,,,-6.356,106.664,15,
QOMS_CA547,547,QOMS_CAS,AERONET,,,,,28.365,86.948,4276,
Quarzaz548,548,Quarzazate,AERONET,,,,,30.939,-6.909,1150,
Ragged_549,549,Ragged_Point,AERONET,,,,,13.165,-59.432,40,
Railroa550,550,Railroad_Valley,AERONET,,,,,38.504,-115.962,1435,
Rame_He551,551,Rame_Head,AERONET,,,,,50.366,-4.149,0,
Ras_El_552,552,Ras_El_Ain,AERONET,,,,,31.67,-7.599,570,
Realtor553,553,Realtor,AERONET,,,,,43.486,5.384,208,
Red_Blu554,554,Red_Bluff,AERONET,,,,,40.15,-122.25,40,
Red_Mou555,555,Red_Mountain_Pass,AERONET,,,,,37.908,-107.725,3368,
Red_Riv556,556,Red_River_Delta,AERONET,,,,,20.729,106.128,4,
Resolut557,557,Resolute_Bay,AERONET,,,,,74.733,-94.9,40,
REUNION558,558,REUNION_ST_DENIS,AERONET,,,,,-20.883,55.483,0,
Richlan559,559,Richland,AERONET,,,,,46.34,-119.28,123,
Rimrock560,560,Rimrock,AERONET,,,,,46.487,-116.992,824,
Rio_Bra561,561,Rio_Branco,AERONET,,,,,-9.957,-67.869,212,
Rio_de_562,562,Rio_de_Janeiro_UFRJ,AERONET,,,,,-22.857,-43.234,88,
Rio_Pie563,563,Rio_Piedras,AERONET,,,,,18.402,-66.051,30,
Rochest564,564,Rochester,AERONET,,,,,44.234,-77.586,0,
Rogers_565,565,Rogers_Dry_Lake,AERONET,,,,,34.926,-117.885,680,
Rome_To566,566,Rome_Tor_Vergata,AERONET,,,,,41.84,12.647,130,
Rooseve567,567,Roosevelt_Roads,AERONET,,,,,18.2,-65.6,10,
Rossfel568,568,Rossfeld,AERONET,,,,,48.335,7.625,167,
Rottnes569,569,Rottnest_Island,AERONET,,,,,-32,115.502,70,
Saada570,570,Saada,AERONET,,,,,31.626,-8.156,420,
Sable_I571,571,Sable_Island,AERONET,,,,,43.933,-60.01,3,
SACOL572,572,SACOL,AERONET,,,,,35.946,104.137,1965,
SAGRES573,573,SAGRES,AERONET,,,,,37.048,-8.874,26,
Saih_Sa574,574,Saih_Salam,AERONET,,,,,24.829,55.313,84,
Saint_M575,575,Saint_Mandrier,AERONET,,,,,43.067,5.944,44,
Salon_d576,576,Salon_de_Provence,AERONET,,,,,43.606,5.12,60,
Sandia_577,577,Sandia_NM_PSEL,AERONET,,,,,35.055,-106.54,1662,
Sandy_H578,578,Sandy_Hook,AERONET,,,,,40.448,-73.993,0,
San_Nic579,579,San_Nicolas,AERONET,,,,,33.257,-119.487,133,
San_Nic580,580,San_Nicolas_Vandal,AERONET,,,,,33.262,-119.537,194,
SANTA_C581,581,SANTA_CRUZ,AERONET,,,,,-17.802,-63.178,442,
Santa_C582,582,Santa_Cruz_Tenerife,AERONET,,,,,28.473,-16.247,52,
SANTA_C583,583,SANTA_CRUZ_UTEPSA,AERONET,,,,,-17.767,-63.201,432,
Santare584,584,Santarem,AERONET,,,,,-2.433,-54.75,70,
Santiag585,585,Santiago,AERONET,,,,,-33.49,-70.717,510,
Sao_Mar586,586,Sao_Martinho_SONDA,AERONET,,,,,-29.443,-53.823,489,
Sao_Pau587,587,Sao_Paulo,AERONET,,,,,-23.561,-46.735,865,
Saturn_588,588,Saturn_Island,AERONET,,,,,48.783,-123.133,200,
SEDE_BO589,589,SEDE_BOKER,AERONET,,,,,30.855,34.782,480,
Senanga590,590,Senanga,AERONET,,,,,-16.109,23.293,1025,
Seoul_S591,591,Seoul_SNU,AERONET,,,,,37.458,126.951,116,
SERC592,592,SERC,AERONET,,,,,38.883,-76.5,10,
Sesheke593,593,Sesheke,AERONET,,,,,-17.481,24.304,951,
Sevasto594,594,Sevastopol,AERONET,,,,,44.616,33.517,80,
Seville595,595,Sevilleta,AERONET,,,,,34.355,-106.885,1477,
Seysses596,596,Seysses,AERONET,,,,,43.503,1.26,179,
Shelton597,597,Shelton,AERONET,,,,,40.75,-98.76,563,
Shiraha598,598,Shirahama,AERONET,,,,,33.693,135.357,10,
Shouxia599,599,Shouxian,AERONET,,,,,32.558,116.782,22,
Silpako600,600,Silpakorn_Univ,AERONET,,,,,13.819,100.041,72,
Singapo601,601,Singapore,AERONET,,,,,1.298,103.78,30,
Sioux_F602,602,Sioux_Falls,AERONET,,,,,43.736,-96.626,500,
Sioux_F603,603,Sioux_Falls_X,AERONET,,,,,43.736,-96.626,500,
Sir_Bu_604,604,Sir_Bu_Nuair,AERONET,,,,,25.217,54.233,10,
SKUKUZA605,605,SKUKUZA_AEROPORT,AERONET,,,,,-24.969,31.593,293,
Skukuza606,606,Skukuza,AERONET,,,,,-24.992,31.587,150,
SMART607,607,SMART,AERONET,,,,,24.249,55.612,250,
SMART_P608,608,SMART_POL,AERONET,,,,,24.249,55.612,250,
SMEX609,609,SMEX,AERONET,,,,,41.936,-93.664,316,
SMHI610,610,SMHI,AERONET,,,,,58.58,16.15,0,
Sodanky611,611,Sodankyla,AERONET,,,,,67.367,26.63,184,
Solar_V612,612,Solar_Village,AERONET,,,,,24.907,46.397,764,
Solwezi613,613,Solwezi,AERONET,,,,,-12.171,26.363,1333,
Songkhl614,614,Songkhla_Met_Sta,AERONET,,,,,7.184,100.605,15,
Son_La615,615,Son_La,AERONET,,,,,21.327,103.914,600,
Sopot616,616,Sopot,AERONET,,,,,54.451,18.565,0,
South_P617,617,South_Pole_Obs_NOAA,AERONET,,,,,-89.996,70.3,2850,
Spokane618,618,Spokane,AERONET,,,,,47.62,-117.534,360,
SSA_YJP619,619,SSA_YJP_BOREAS,AERONET,,,,,53.675,-104.65,490,
SS_OJP_620,620,SS_OJP_BOREAS,AERONET,,,,,53.916,-104.69,500,
Steambo621,621,Steamboat_Springs,AERONET,,,,,40.464,-106.817,2070,
Stennis622,622,Stennis,AERONET,,,,,30.368,-89.617,20,
Sterlin623,623,Sterling,AERONET,,,,,38.983,-77.467,50,
Sua_Pan624,624,Sua_Pan,AERONET,,,,,-20.533,26.067,900,
Suffiel625,625,Suffield,AERONET,,,,,50.282,-111.131,761,
Surinam626,626,Surinam,AERONET,,,,,5.8,-55.2,0,
Swakopm627,627,Swakopmund,AERONET,,,,,-22.658,14.564,250,
T0_MAX_628,628,T0_MAX_MEX,AERONET,,,,,19.49,-99.148,2257,
T1_MAX_629,629,T1_MAX_MEX,AERONET,,,,,19.703,-98.982,2272,
Taberna630,630,Tabernas_PSA-DLR,AERONET,,,,,37.091,-2.358,500,
TABLE_M631,631,TABLE_MOUNTAIN_CA,AERONET,,,,,34.38,-117.68,2200,
Table_M632,632,Table_Mountain,AERONET,,,,,40.125,-105.237,1689,
Tahir633,633,Tahir,AERONET,,,,,5.411,100.197,37,
Tahiti634,634,Tahiti,AERONET,,,,,-17.577,-149.606,98,
Taichun635,635,Taichung,AERONET,,,,,24.106,120.491,10,
Taihu636,636,Taihu,AERONET,,,,,31.421,120.215,20,
Taipei_637,637,Taipei_CWB,AERONET,,,,,25.03,121.5,26,
Tamanra638,638,Tamanrasset_INM,AERONET,,,,,22.79,5.53,1377,
Tamanra639,639,Tamanrasset_TMP,AERONET,,,,,22.79,5.53,1377,
Tamihua640,640,Tamihua,AERONET,,,,,21.261,-97.442,10,
Tampico641,641,Tampico_MAX_MEX,AERONET,,,,,22.278,-97.864,15,
Tarbes642,642,Tarbes,AERONET,,,,,43.25,0.083,350,
Tenerif643,643,Tenerife,AERONET,,,,,28.033,-16.633,10,
Tenosiq644,644,Tenosique,AERONET,,,,,17.488,-91.426,20,
THALA645,645,THALA,AERONET,,,,,35.55,8.683,1091,
The_Hag646,646,The_Hague,AERONET,,,,,52.11,4.327,18,
Thessal647,647,Thessaloniki,AERONET,,,,,40.63,22.96,60,
Thompso648,648,Thompson_Farm,AERONET,,,,,43.109,-70.948,26,
Thompso649,649,Thompson,AERONET,,,,,55.8,-97.85,218,
Thule650,650,Thule,AERONET,,,,,76.516,-68.769,225,
Tiksi651,651,Tiksi,AERONET,,,,,71.587,128.921,0,
Timisoa652,652,Timisoara,AERONET,,,,,45.746,21.227,122,
Tinga_T653,653,Tinga_Tingana,AERONET,,,,,-28.976,139.991,38,
Tombsto654,654,Tombstone,AERONET,,,,,31.742,-110.05,1408,
Tomsk_2655,655,Tomsk_22,AERONET,,,,,56.417,84.074,80,
Tomsk656,656,Tomsk,AERONET,,,,,56.477,85.047,130,
Tonopah657,657,Tonopah_Airport,AERONET,,,,,38.05,-117.091,1580,
Toraver658,658,Toravere,AERONET,,,,,58.255,26.46,70,
Toronto659,659,Toronto,AERONET,,,,,43.97,-79.47,300,
Toulon660,660,Toulon,AERONET,,,,,43.136,6.009,50,
Toulous661,661,Toulouse,AERONET,,,,,43.575,1.374,150,
TOULOUS662,662,TOULOUSE,AERONET,,,,,43.562,1.476,150,
Trelew663,663,Trelew,AERONET,,,,,-43.25,-65.309,15,
Tremiti664,664,Tremiti,AERONET,,,,,42.118,15.49,4,
Trinida665,665,Trinidad_Head,AERONET,,,,,41.054,-124.151,105,
TUBITAK666,666,TUBITAK_UZAY_Ankara,AERONET,,,,,39.891,32.778,924,
Tucson667,667,Tucson,AERONET,,,,,32.233,-110.953,779,
Tudor_H668,668,Tudor_Hill,AERONET,,,,,32.264,-64.879,51,
Tukurui669,669,Tukurui,AERONET,,,,,-3.717,-49.683,100,
Tuxtla_670,670,Tuxtla_Gutierrez,AERONET,,,,,16.755,-93.152,590,
Tuz_Gol671,671,Tuz_Golu_2,AERONET,,,,,38.837,33.449,917,
Tuz_Gol672,672,Tuz_Golu,AERONET,,,,,38.749,33.336,907,
UAHunts673,673,UAHuntsville,AERONET,,,,,34.725,-86.645,223,
Uberlan674,674,Uberlandia,AERONET,,,,,-18.9,-48.283,850,
Ubon_Ra675,675,Ubon_Ratchathani,AERONET,,,,,15.246,104.871,120,
UCLA676,676,UCLA,AERONET,,,,,34.07,-118.45,131,
UCSB677,677,UCSB,AERONET,,,,,34.415,-119.845,33,
Ukiah678,678,Ukiah,AERONET,,,,,45.134,-118.919,1100,
Ulaango679,679,Ulaangom,AERONET,,,,,49.973,92.078,1363,
UMBC680,680,UMBC,AERONET,,,,,39.255,-76.709,79,
Umm_Al_681,681,Umm_Al_Quwain,AERONET,,,,,25.533,55.658,20,
Univ_of682,682,Univ_of_Houston,AERONET,,,,,29.718,-95.342,65,
Univ_of683,683,Univ_of_Lethbridge,AERONET,,,,,49.682,-112.869,737,
USC_SEA684,684,USC_SEAPRISM,AERONET,,,,,33.564,-118.118,31,
USDA-BA685,685,USDA-BARC,AERONET,,,,,39.031,-76.932,46,
USDA-Ho686,686,USDA-Howard,AERONET,,,,,39.054,-76.877,52,
USDA687,687,USDA,AERONET,,,,,39.03,-76.88,50,
USM_Pen688,688,USM_Penang,AERONET,,,,,5.358,100.302,51,
Ussuriy689,689,Ussuriysk,AERONET,,,,,43.7,132.163,280,
Venise690,690,Venise,AERONET,,,,,45.314,12.508,10,
Vientia691,691,Vientiane,AERONET,,,,,17.992,102.57,170,
Villefr692,692,Villefranche,AERONET,,,,,43.684,7.329,130,
Vinon693,693,Vinon,AERONET,,,,,43.709,5.759,304,
Vishkha694,694,Vishkhapatnam,AERONET,,,,,17.724,83.327,30,
Walker_695,695,Walker_Branch,AERONET,,,,,35.958,-84.287,365,
Wallops696,696,Wallops,AERONET,,,,,37.942,-75.475,10,
Waskesi697,697,Waskesiu,AERONET,,,,,53.917,-106.083,550,
WaveCIS698,698,WaveCIS_Site_CSI_6,AERONET,,,,,28.867,-90.483,32,
White_S699,699,White_Sands_HELSTF,AERONET,,,,,32.635,-106.338,1207,
Windsor700,700,Windsor_B,AERONET,,,,,42.283,-83.083,200,
Wits_Un701,701,Wits_University,AERONET,,,,,-26.192,28.029,1775,
Wytham_702,702,Wytham_Woods,AERONET,,,,,51.77,-1.333,160,
Xanthi703,703,Xanthi,AERONET,,,,,41.147,24.919,54,
XiangHe704,704,XiangHe,AERONET,,,,,39.754,116.962,36,
Xinglon705,705,Xinglong,AERONET,,,,,40.396,117.578,970,
Yakutsk706,706,Yakutsk,AERONET,,,,,61.662,129.367,118,
Yaqui707,707,Yaqui,AERONET,,,,,27.281,-109.912,40,
Yekater708,708,Yekaterinburg,AERONET,,,,,57.038,59.545,300,
Yellowk709,709,Yellowknife_Aurora,AERONET,,,,,62.451,-114.376,220,
Yellowk710,710,Yellowknife,AERONET,,,,,62.452,-114.407,201,
Yonsei_711,711,Yonsei_University,AERONET,,,,,37.564,126.935,88,
Yufa_PE712,712,Yufa_PEK,AERONET,,,,,39.309,116.184,20,
Yulin713,713,Yulin,AERONET,,,,,38.283,109.717,1080,
Yuma714,714,Yuma,AERONET,,,,,32.644,-114.583,63,
Zambezi715,715,Zambezi,AERONET,,,,,-13.533,23.107,1040,
Zhangye716,716,Zhangye,AERONET,,,,,39.079,100.276,1461,
Zinder_717,717,Zinder_Airport,AERONET,,,,,13.777,8.99,456,
Zinder_718,718,Zinder_DMN,AERONET,,,,,13.775,8.984,460,
Zvenigo719,719,Zvenigorod,AERONET,,,,,55.695,36.775,200,
